{
  "greet": {
    "precision": 1.0,
    "recall": 0.3333333333333333,
    "f1-score": 0.5,
    "support": 3,
    "confused_with": {
      "goodbye": 2
    }
  },
  "inform_preference": {
    "precision": 1.0,
    "recall": 0.5,
    "f1-score": 0.6666666666666666,
    "support": 2,
    "confused_with": {
      "faq": 1
    }
  },
  "affirm": {
    "precision": 1.0,
    "recall": 0.75,
    "f1-score": 0.8571428571428571,
    "support": 4,
    "confused_with": {
      "mood_great": 1
    }
  },
  "mood_unhappy": {
    "precision": 0.0,
    "recall": 0.0,
    "f1-score": 0.0,
    "support": 2,
    "confused_with": {
      "goodbye": 1,
      "deny": 1
    }
  },
  "recommend_college": {
    "precision": 1.0,
    "recall": 0.6666666666666666,
    "f1-score": 0.8,
    "support": 3,
    "confused_with": {
      "faq": 1
    }
  },
  "inform_school_system": {
    "precision": 1.0,
    "recall": 1.0,
    "f1-score": 1.0,
    "support": 9,
    "confused_with": {}
  },
  "inform_location": {
    "precision": 0.9310344827586207,
    "recall": 1.0,
    "f1-score": 0.9642857142857143,
    "support": 27,
    "confused_with": {}
  },
  "mood_great": {
    "precision": 0.6666666666666666,
    "recall": 0.6666666666666666,
    "f1-score": 0.6666666666666666,
    "support": 3,
    "confused_with": {
      "inform_location": 1
    }
  },
  "faq": {
    "precision": 0.9777777777777777,
    "recall": 1.0,
    "f1-score": 0.9887640449438202,
    "support": 88,
    "confused_with": {}
  },
  "goodbye": {
    "precision": 0.5,
    "recall": 0.75,
    "f1-score": 0.6,
    "support": 4,
    "confused_with": {
      "inform_location": 1
    }
  },
  "deny": {
    "precision": 0.8,
    "recall": 1.0,
    "f1-score": 0.888888888888889,
    "support": 4,
    "confused_with": {}
  },
  "inform_grade": {
    "precision": 1.0,
    "recall": 1.0,
    "f1-score": 1.0,
    "support": 7,
    "confused_with": {}
  },
  "accuracy": 0.9423076923076923,
  "macro avg": {
    "precision": 0.8229565772669222,
    "recall": 0.7222222222222222,
    "f1-score": 0.7443679032162178,
    "support": 156
  },
  "weighted avg": {
    "precision": 0.9383485607623538,
    "recall": 0.9423076923076923,
    "f1-score": 0.9337462215271203,
    "support": 156
  },
  "micro avg": {
    "precision": 0.9423076923076923,
    "recall": 0.9423076923076923,
    "f1-score": 0.9423076923076923,
    "support": 156
  }
}