{
  "preference": {
    "precision": 1.0,
    "recall": 0.5,
    "f1-score": 0.6666666666666666,
    "support": 2,
    "confused_with": {}
  },
  "location": {
    "precision": 1.0,
    "recall": 0.9714285714285714,
    "f1-score": 0.9855072463768115,
    "support": 35,
    "confused_with": {}
  },
  "school_system": {
    "precision": 1.0,
    "recall": 0.7777777777777778,
    "f1-score": 0.8750000000000001,
    "support": 9,
    "confused_with": {}
  },
  "grade": {
    "precision": 1.0,
    "recall": 1.0,
    "f1-score": 1.0,
    "support": 7,
    "confused_with": {}
  },
  "micro avg": {
    "precision": 1.0,
    "recall": 0.9245283018867925,
    "f1-score": 0.9607843137254902,
    "support": 53
  },
  "macro avg": {
    "precision": 1.0,
    "recall": 0.8123015873015873,
    "f1-score": 0.8817934782608695,
    "support": 53
  },
  "weighted avg": {
    "precision": 1.0,
    "recall": 0.9245283018867925,
    "f1-score": 0.9566242821985235,
    "support": 53
  },
  "accuracy": 0.9960822722820764
}