{
  "config": [
    [
      0.9637675920570657,
      0.9623931623931623,
      0.9797591297591298,
      0.9337462215271203
    ],
    [
      0.9734378828718452,
      0.9859490791694181,
      0.9581737997104907,
      0.9335455040284307
    ],
    [
      0.9690322580645161,
      0.9513793512081786,
      0.9447641890142688,
      0.9570970779418018
    ]
  ],
  "config1": [
    [
      0.9808455433455432,
      0.9553599884108357,
      0.9323683109386834,
      0.8943537646400773
    ],
    [
      0.9726734658938048,
      0.9814880497653606,
      0.9402198412676094,
      0.9206334810597985
    ],
    [
      0.9757706093189964,
      0.9453680864872367,
      0.9511771667175691,
      0.9326606809399962
    ]
  ],
  "config2": [
    [
      0.9637675920570657,
      0.9623931623931623,
      0.9797591297591298,
      0.9337462215271203
    ],
    [
      0.9734378828718452,
      0.9859490791694181,
      0.9581737997104907,
      0.9335455040284307
    ],
    [
      0.9690322580645161,
      0.9513793512081786,
      0.9447641890142688,
      0.9570970779418018
    ]
  ]
}