{
  "greet": {
    "precision": 1.0,
    "recall": 1.0,
    "f1-score": 1.0,
    "support": 3,
    "confused_with": {}
  },
  "inform_preference": {
    "precision": 0.0,
    "recall": 0.0,
    "f1-score": 0.0,
    "support": 2,
    "confused_with": {
      "faq": 2
    }
  },
  "affirm": {
    "precision": 0.8333333333333334,
    "recall": 1.0,
    "f1-score": 0.9090909090909091,
    "support": 5,
    "confused_with": {}
  },
  "mood_unhappy": {
    "precision": 0.5,
    "recall": 0.5,
    "f1-score": 0.5,
    "support": 2,
    "confused_with": {
      "mood_great": 1
    }
  },
  "recommend_college": {
    "precision": 0.75,
    "recall": 1.0,
    "f1-score": 0.8571428571428571,
    "support": 3,
    "confused_with": {}
  },
  "inform_school_system": {
    "precision": 1.0,
    "recall": 0.8888888888888888,
    "f1-score": 0.9411764705882353,
    "support": 9,
    "confused_with": {
      "affirm": 1
    }
  },
  "inform_location": {
    "precision": 0.9629629629629629,
    "recall": 1.0,
    "f1-score": 0.9811320754716981,
    "support": 26,
    "confused_with": {}
  },
  "mood_great": {
    "precision": 0.6666666666666666,
    "recall": 0.6666666666666666,
    "f1-score": 0.6666666666666666,
    "support": 3,
    "confused_with": {
      "mood_unhappy": 1
    }
  },
  "faq": {
    "precision": 0.9777777777777777,
    "recall": 1.0,
    "f1-score": 0.9887640449438202,
    "support": 88,
    "confused_with": {}
  },
  "goodbye": {
    "precision": 0.6666666666666666,
    "recall": 0.5,
    "f1-score": 0.5714285714285715,
    "support": 4,
    "confused_with": {
      "recommend_college": 1,
      "inform_location": 1
    }
  },
  "deny": {
    "precision": 1.0,
    "recall": 0.6666666666666666,
    "f1-score": 0.8,
    "support": 3,
    "confused_with": {
      "goodbye": 1
    }
  },
  "inform_grade": {
    "precision": 1.0,
    "recall": 1.0,
    "f1-score": 1.0,
    "support": 6,
    "confused_with": {}
  },
  "accuracy": 0.948051948051948,
  "macro avg": {
    "precision": 0.779783950617284,
    "recall": 0.7685185185185185,
    "f1-score": 0.7679501329443964,
    "support": 154
  },
  "weighted avg": {
    "precision": 0.936135161135161,
    "recall": 0.948051948051948,
    "f1-score": 0.9402198412676094,
    "support": 154
  },
  "micro avg": {
    "precision": 0.948051948051948,
    "recall": 0.948051948051948,
    "f1-score": 0.948051948051948,
    "support": 154
  }
}