{
  "greet": {
    "precision": 0.4,
    "recall": 0.6666666666666666,
    "f1-score": 0.5,
    "support": 3,
    "confused_with": {
      "inform_location": 1
    }
  },
  "inform_preference": {
    "precision": 1.0,
    "recall": 0.5,
    "f1-score": 0.6666666666666666,
    "support": 2,
    "confused_with": {
      "faq": 1
    }
  },
  "affirm": {
    "precision": 1.0,
    "recall": 0.8,
    "f1-score": 0.888888888888889,
    "support": 5,
    "confused_with": {
      "mood_great": 1
    }
  },
  "mood_unhappy": {
    "precision": 0.6666666666666666,
    "recall": 1.0,
    "f1-score": 0.8,
    "support": 2,
    "confused_with": {}
  },
  "recommend_college": {
    "precision": 0.75,
    "recall": 1.0,
    "f1-score": 0.8571428571428571,
    "support": 3,
    "confused_with": {}
  },
  "inform_school_system": {
    "precision": 1.0,
    "recall": 0.8888888888888888,
    "f1-score": 0.9411764705882353,
    "support": 9,
    "confused_with": {
      "greet": 1
    }
  },
  "inform_location": {
    "precision": 0.9629629629629629,
    "recall": 1.0,
    "f1-score": 0.9811320754716981,
    "support": 26,
    "confused_with": {}
  },
  "mood_great": {
    "precision": 0.5,
    "recall": 0.5,
    "f1-score": 0.5,
    "support": 2,
    "confused_with": {
      "mood_unhappy": 1
    }
  },
  "faq": {
    "precision": 0.9887640449438202,
    "recall": 1.0,
    "f1-score": 0.9943502824858756,
    "support": 88,
    "confused_with": {}
  },
  "goodbye": {
    "precision": 1.0,
    "recall": 0.25,
    "f1-score": 0.4,
    "support": 4,
    "confused_with": {
      "greet": 2,
      "recommend_college": 1
    }
  },
  "deny": {
    "precision": 1.0,
    "recall": 1.0,
    "f1-score": 1.0,
    "support": 4,
    "confused_with": {}
  },
  "inform_grade": {
    "precision": 1.0,
    "recall": 1.0,
    "f1-score": 1.0,
    "support": 7,
    "confused_with": {}
  },
  "accuracy": 0.9483870967741935,
  "macro avg": {
    "precision": 0.8556994728811208,
    "recall": 0.800462962962963,
    "f1-score": 0.7941131034370185,
    "support": 155
  },
  "weighted avg": {
    "precision": 0.9602039117769455,
    "recall": 0.9483870967741935,
    "f1-score": 0.9453680864872367,
    "support": 155
  },
  "micro avg": {
    "precision": 0.9483870967741935,
    "recall": 0.9483870967741935,
    "f1-score": 0.9483870967741935,
    "support": 155
  }
}