{
  "preference": {
    "precision": 1.0,
    "recall": 0.3333333333333333,
    "f1-score": 0.5,
    "support": 3,
    "confused_with": {}
  },
  "location": {
    "precision": 1.0,
    "recall": 1.0,
    "f1-score": 1.0,
    "support": 31,
    "confused_with": {}
  },
  "school_system": {
    "precision": 1.0,
    "recall": 0.8888888888888888,
    "f1-score": 0.9411764705882353,
    "support": 9,
    "confused_with": {}
  },
  "grade": {
    "precision": 1.0,
    "recall": 1.0,
    "f1-score": 1.0,
    "support": 7,
    "confused_with": {}
  },
  "micro avg": {
    "precision": 1.0,
    "recall": 0.94,
    "f1-score": 0.9690721649484536,
    "support": 50
  },
  "macro avg": {
    "precision": 1.0,
    "recall": 0.8055555555555556,
    "f1-score": 0.8602941176470589,
    "support": 50
  },
  "weighted avg": {
    "precision": 1.0,
    "recall": 0.94,
    "f1-score": 0.9594117647058823,
    "support": 50
  },
  "accuracy": 0.997093023255814
}