{
  "greet": {
    "precision": 0.5,
    "recall": 0.6666666666666666,
    "f1-score": 0.5714285714285715,
    "support": 3,
    "confused_with": {
      "inform_location": 1
    }
  },
  "inform_preference": {
    "precision": 1.0,
    "recall": 0.5,
    "f1-score": 0.6666666666666666,
    "support": 2,
    "confused_with": {
      "faq": 1
    }
  },
  "affirm": {
    "precision": 0.5714285714285714,
    "recall": 0.8,
    "f1-score": 0.6666666666666666,
    "support": 5,
    "confused_with": {
      "greet": 1
    }
  },
  "mood_unhappy": {
    "precision": 1.0,
    "recall": 1.0,
    "f1-score": 1.0,
    "support": 2,
    "confused_with": {}
  },
  "recommend_college": {
    "precision": 1.0,
    "recall": 1.0,
    "f1-score": 1.0,
    "support": 3,
    "confused_with": {}
  },
  "inform_school_system": {
    "precision": 1.0,
    "recall": 0.8888888888888888,
    "f1-score": 0.9411764705882353,
    "support": 9,
    "confused_with": {
      "affirm": 1
    }
  },
  "inform_location": {
    "precision": 0.9629629629629629,
    "recall": 1.0,
    "f1-score": 0.9811320754716981,
    "support": 26,
    "confused_with": {}
  },
  "mood_great": {
    "precision": 1.0,
    "recall": 1.0,
    "f1-score": 1.0,
    "support": 2,
    "confused_with": {}
  },
  "faq": {
    "precision": 0.9887640449438202,
    "recall": 1.0,
    "f1-score": 0.9943502824858756,
    "support": 88,
    "confused_with": {}
  },
  "goodbye": {
    "precision": 1.0,
    "recall": 0.25,
    "f1-score": 0.4,
    "support": 4,
    "confused_with": {
      "affirm": 2,
      "greet": 1
    }
  },
  "deny": {
    "precision": 1.0,
    "recall": 1.0,
    "f1-score": 1.0,
    "support": 4,
    "confused_with": {}
  },
  "inform_grade": {
    "precision": 1.0,
    "recall": 1.0,
    "f1-score": 1.0,
    "support": 7,
    "confused_with": {}
  },
  "accuracy": 0.9548387096774194,
  "macro avg": {
    "precision": 0.9185962982779462,
    "recall": 0.8421296296296297,
    "f1-score": 0.8517850611089761,
    "support": 155
  },
  "weighted avg": {
    "precision": 0.9639059087047489,
    "recall": 0.9548387096774194,
    "f1-score": 0.9513793512081786,
    "support": 155
  },
  "micro avg": {
    "precision": 0.9548387096774194,
    "recall": 0.9548387096774194,
    "f1-score": 0.9548387096774194,
    "support": 155
  }
}