{
  "greet": {
    "precision": 0.5,
    "recall": 1.0,
    "f1-score": 0.6666666666666666,
    "support": 3,
    "confused_with": {}
  },
  "inform_preference": {
    "precision": 1.0,
    "recall": 1.0,
    "f1-score": 1.0,
    "support": 2,
    "confused_with": {}
  },
  "affirm": {
    "precision": 1.0,
    "recall": 1.0,
    "f1-score": 1.0,
    "support": 4,
    "confused_with": {}
  },
  "mood_unhappy": {
    "precision": 0.3333333333333333,
    "recall": 0.5,
    "f1-score": 0.4,
    "support": 2,
    "confused_with": {
      "mood_great": 1
    }
  },
  "recommend_college": {
    "precision": 1.0,
    "recall": 0.6666666666666666,
    "f1-score": 0.8,
    "support": 3,
    "confused_with": {
      "faq": 1
    }
  },
  "inform_school_system": {
    "precision": 1.0,
    "recall": 1.0,
    "f1-score": 1.0,
    "support": 9,
    "confused_with": {}
  },
  "inform_location": {
    "precision": 1.0,
    "recall": 1.0,
    "f1-score": 1.0,
    "support": 27,
    "confused_with": {}
  },
  "mood_great": {
    "precision": 0.6666666666666666,
    "recall": 0.6666666666666666,
    "f1-score": 0.6666666666666666,
    "support": 3,
    "confused_with": {
      "greet": 1
    }
  },
  "faq": {
    "precision": 0.9887640449438202,
    "recall": 1.0,
    "f1-score": 0.9943502824858756,
    "support": 88,
    "confused_with": {}
  },
  "goodbye": {
    "precision": 1.0,
    "recall": 0.5,
    "f1-score": 0.6666666666666666,
    "support": 4,
    "confused_with": {
      "greet": 2
    }
  },
  "deny": {
    "precision": 1.0,
    "recall": 0.5,
    "f1-score": 0.6666666666666666,
    "support": 4,
    "confused_with": {
      "mood_unhappy": 2
    }
  },
  "inform_grade": {
    "precision": 1.0,
    "recall": 1.0,
    "f1-score": 1.0,
    "support": 7,
    "confused_with": {}
  },
  "accuracy": 0.9551282051282052,
  "macro avg": {
    "precision": 0.8740636704119851,
    "recall": 0.8194444444444443,
    "f1-score": 0.8217514124293784,
    "support": 156
  },
  "weighted avg": {
    "precision": 0.9690891193700184,
    "recall": 0.9551282051282052,
    "f1-score": 0.9553599884108357,
    "support": 156
  },
  "micro avg": {
    "precision": 0.9551282051282052,
    "recall": 0.9551282051282052,
    "f1-score": 0.9551282051282052,
    "support": 156
  }
}