{
  "preference": {
    "precision": 1.0,
    "recall": 1.0,
    "f1-score": 1.0,
    "support": 2,
    "confused_with": {}
  },
  "location": {
    "precision": 1.0,
    "recall": 1.0,
    "f1-score": 1.0,
    "support": 35,
    "confused_with": {}
  },
  "school_system": {
    "precision": 1.0,
    "recall": 0.8888888888888888,
    "f1-score": 0.9411764705882353,
    "support": 9,
    "confused_with": {}
  },
  "grade": {
    "precision": 1.0,
    "recall": 1.0,
    "f1-score": 1.0,
    "support": 7,
    "confused_with": {}
  },
  "micro avg": {
    "precision": 1.0,
    "recall": 0.9811320754716981,
    "f1-score": 0.9904761904761905,
    "support": 53
  },
  "macro avg": {
    "precision": 1.0,
    "recall": 0.9722222222222222,
    "f1-score": 0.9852941176470589,
    "support": 53
  },
  "weighted avg": {
    "precision": 1.0,
    "recall": 0.9811320754716981,
    "f1-score": 0.9900110987791343,
    "support": 53
  },
  "accuracy": 0.9990205680705191
}