{
  "preference": {
    "precision": 0.0,
    "recall": 0.0,
    "f1-score": 0.0,
    "support": 3,
    "confused_with": {}
  },
  "location": {
    "precision": 1.0,
    "recall": 0.8064516129032258,
    "f1-score": 0.8928571428571428,
    "support": 31,
    "confused_with": {}
  },
  "school_system": {
    "precision": 1.0,
    "recall": 0.6666666666666666,
    "f1-score": 0.8,
    "support": 9,
    "confused_with": {}
  },
  "grade": {
    "precision": 1.0,
    "recall": 1.0,
    "f1-score": 1.0,
    "support": 7,
    "confused_with": {}
  },
  "micro avg": {
    "precision": 1.0,
    "recall": 0.76,
    "f1-score": 0.8636363636363636,
    "support": 50
  },
  "macro avg": {
    "precision": 0.75,
    "recall": 0.6182795698924731,
    "f1-score": 0.6732142857142858,
    "support": 50
  },
  "weighted avg": {
    "precision": 0.94,
    "recall": 0.76,
    "f1-score": 0.8375714285714285,
    "support": 50
  },
  "accuracy": 0.9883720930232558
}