{
  "preference": {
    "precision": 0.0,
    "recall": 0.0,
    "f1-score": 0.0,
    "support": 3,
    "confused_with": {}
  },
  "location": {
    "precision": 1.0,
    "recall": 0.7741935483870968,
    "f1-score": 0.8727272727272727,
    "support": 31,
    "confused_with": {}
  },
  "school_system": {
    "precision": 1.0,
    "recall": 0.5555555555555556,
    "f1-score": 0.7142857142857143,
    "support": 9,
    "confused_with": {}
  },
  "grade": {
    "precision": 1.0,
    "recall": 1.0,
    "f1-score": 1.0,
    "support": 7,
    "confused_with": {}
  },
  "micro avg": {
    "precision": 1.0,
    "recall": 0.72,
    "f1-score": 0.8372093023255813,
    "support": 50
  },
  "macro avg": {
    "precision": 0.75,
    "recall": 0.5824372759856631,
    "f1-score": 0.6467532467532467,
    "support": 50
  },
  "weighted avg": {
    "precision": 0.94,
    "recall": 0.72,
    "f1-score": 0.8096623376623377,
    "support": 50
  },
  "accuracy": 0.9864341085271318
}