{
  "preference": {
    "precision": 1.0,
    "recall": 0.5,
    "f1-score": 0.6666666666666666,
    "support": 2,
    "confused_with": {}
  },
  "location": {
    "precision": 1.0,
    "recall": 0.7714285714285715,
    "f1-score": 0.870967741935484,
    "support": 35,
    "confused_with": {}
  },
  "school_system": {
    "precision": 1.0,
    "recall": 0.7777777777777778,
    "f1-score": 0.8750000000000001,
    "support": 9,
    "confused_with": {}
  },
  "grade": {
    "precision": 1.0,
    "recall": 1.0,
    "f1-score": 1.0,
    "support": 7,
    "confused_with": {}
  },
  "micro avg": {
    "precision": 1.0,
    "recall": 0.7924528301886793,
    "f1-score": 0.8842105263157896,
    "support": 53
  },
  "macro avg": {
    "precision": 1.0,
    "recall": 0.7623015873015873,
    "f1-score": 0.8531586021505376,
    "support": 53
  },
  "weighted avg": {
    "precision": 1.0,
    "recall": 0.7924528301886793,
    "f1-score": 0.880984986812741,
    "support": 53
  },
  "accuracy": 0.9892262487757101
}