{
  "preference": {
    "precision": 0.0,
    "recall": 0.0,
    "f1-score": 0.0,
    "support": 3,
    "confused_with": {}
  },
  "location": {
    "precision": 1.0,
    "recall": 0.8823529411764706,
    "f1-score": 0.9375,
    "support": 34,
    "confused_with": {}
  },
  "school_system": {
    "precision": 0.875,
    "recall": 0.7777777777777778,
    "f1-score": 0.823529411764706,
    "support": 9,
    "confused_with": {}
  },
  "grade": {
    "precision": 1.0,
    "recall": 1.0,
    "f1-score": 1.0,
    "support": 6,
    "confused_with": {}
  },
  "micro avg": {
    "precision": 0.9772727272727273,
    "recall": 0.8269230769230769,
    "f1-score": 0.8958333333333334,
    "support": 52
  },
  "macro avg": {
    "precision": 0.71875,
    "recall": 0.6650326797385621,
    "f1-score": 0.6902573529411765,
    "support": 52
  },
  "weighted avg": {
    "precision": 0.9206730769230769,
    "recall": 0.8269230769230769,
    "f1-score": 0.8708993212669683,
    "support": 52
  },
  "accuracy": 0.9903006789524733
}