{
  "preference": {
    "precision": 0.0,
    "recall": 0.0,
    "f1-score": 0.0,
    "support": 3,
    "confused_with": {}
  },
  "location": {
    "precision": 1.0,
    "recall": 0.9117647058823529,
    "f1-score": 0.9538461538461539,
    "support": 34,
    "confused_with": {}
  },
  "school_system": {
    "precision": 0.875,
    "recall": 0.7777777777777778,
    "f1-score": 0.823529411764706,
    "support": 9,
    "confused_with": {}
  },
  "grade": {
    "precision": 1.0,
    "recall": 1.0,
    "f1-score": 1.0,
    "support": 6,
    "confused_with": {}
  },
  "micro avg": {
    "precision": 0.9777777777777777,
    "recall": 0.8461538461538461,
    "f1-score": 0.9072164948453608,
    "support": 52
  },
  "macro avg": {
    "precision": 0.71875,
    "recall": 0.6723856209150327,
    "f1-score": 0.6943438914027149,
    "support": 52
  },
  "weighted avg": {
    "precision": 0.9206730769230769,
    "recall": 0.8461538461538461,
    "f1-score": 0.8815871910894535,
    "support": 52
  },
  "accuracy": 0.991270611057226
}