{
  "greet": {
    "precision": 0.0,
    "recall": 0.0,
    "f1-score": 0.0,
    "support": 3,
    "confused_with": {
      "goodbye": 3
    }
  },
  "inform_preference": {
    "precision": 0.0,
    "recall": 0.0,
    "f1-score": 0.0,
    "support": 2,
    "confused_with": {
      "faq": 2
    }
  },
  "affirm": {
    "precision": 1.0,
    "recall": 0.6,
    "f1-score": 0.7499999999999999,
    "support": 5,
    "confused_with": {
      "mood_unhappy": 1,
      "goodbye": 1
    }
  },
  "mood_unhappy": {
    "precision": 0.6666666666666666,
    "recall": 1.0,
    "f1-score": 0.8,
    "support": 2,
    "confused_with": {}
  },
  "recommend_college": {
    "precision": 1.0,
    "recall": 0.6666666666666666,
    "f1-score": 0.8,
    "support": 3,
    "confused_with": {
      "faq": 1
    }
  },
  "inform_school_system": {
    "precision": 0.9,
    "recall": 1.0,
    "f1-score": 0.9473684210526316,
    "support": 9,
    "confused_with": {}
  },
  "inform_location": {
    "precision": 0.9629629629629629,
    "recall": 1.0,
    "f1-score": 0.9811320754716981,
    "support": 26,
    "confused_with": {}
  },
  "mood_great": {
    "precision": 1.0,
    "recall": 0.6666666666666666,
    "f1-score": 0.8,
    "support": 3,
    "confused_with": {
      "inform_location": 1
    }
  },
  "faq": {
    "precision": 0.967032967032967,
    "recall": 1.0,
    "f1-score": 0.9832402234636871,
    "support": 88,
    "confused_with": {}
  },
  "goodbye": {
    "precision": 0.5,
    "recall": 1.0,
    "f1-score": 0.6666666666666666,
    "support": 4,
    "confused_with": {}
  },
  "deny": {
    "precision": 1.0,
    "recall": 0.6666666666666666,
    "f1-score": 0.8,
    "support": 3,
    "confused_with": {
      "inform_school_system": 1
    }
  },
  "inform_grade": {
    "precision": 1.0,
    "recall": 1.0,
    "f1-score": 1.0,
    "support": 6,
    "confused_with": {}
  },
  "accuracy": 0.935064935064935,
  "macro avg": {
    "precision": 0.7497218830552163,
    "recall": 0.7166666666666668,
    "f1-score": 0.7107006155545569,
    "support": 154
  },
  "weighted avg": {
    "precision": 0.9192809835666977,
    "recall": 0.935064935064935,
    "f1-score": 0.9206334810597985,
    "support": 154
  },
  "micro avg": {
    "precision": 0.935064935064935,
    "recall": 0.935064935064935,
    "f1-score": 0.935064935064935,
    "support": 154
  }
}